Duration,Budget,Reviews_by_Users,Reviews_by_Critics,IMDB_Score,Gross_Earnings
100,85000000,77,84,4.8,66941559
103,43000000,194,116,6,37035515
82,6000000,10,22,4,9821335
106,6500000,35,28,7.3,64148
220,57000000,183,85,5.8,15527125
152,60000000,822,149,7.9,32522352
102,7000000,1061,288,7.6,15047419
115,2000000,361,157,8.1,5383834
103,14000000,26,34,6.3,75078
103,8400000,110,62,6.1,5725
103,40000000,180,101,5.5,37752931
135,10000000,186,57,6.5,2185266
119,44000000,1308,174,2.4,21471685
93,48000000,254,125,6,37879996
90,6000000,340,119,7.5,18621249
99,30000000,148,100,5.1,117559438
110,5000000,433,151,7.7,21994911
107,40000000,188,100,5.1,29374178
120,8000000,246,132,7,16938179
90,15000000,457,160,4,26421314
94,16000000,134,67,5.3,20627372
98,10000000,385,139,5.9,68353550
114,10000000,133,81,7.2,447750
143,90000000,1051,221,7.7,233630478
87,10000000,150,90,6.2,1276984
115,18000000,210,68,6.7,17174870
94,92000000,643,181,5.5,125305545
84,45000000,358,187,7,106793915
121,25000000,498,152,7.3,71309760
96,250000,136,59,6.6,1050600
107,45000000,379,155,5.6,60786269
140,12800000,690,177,8,4157491
82,5000000,65,29,5.9,9628751
99,2000000,73,39,7.3,110000
82,127500000,241,145,6.5,137748063
91,9000000,173,64,4.9,20035310
99,28000000,365,122,4.9,33000377
96,16000000,148,84,5.6,15427192
83,13000000,469,106,5.5,46729374
112,15000000,123,65,6,4734235
131,52000000,498,169,7.3,125548685
87,100000,10,24,6.6,8741
98,23000000,674,211,6.7,53302314
136,43000000,297,137,7.3,51768623
118,31000000,510,168,7.3,44983704
90,42000,76,75,7.5,241816
102,40000000,284,102,5.1,14967182
171,103000000,2368,265,8.5,187670866
127,90000000,498,175,6.5,101643008
90,24000000,112,63,5.9,5108820
86,500000,74,46,6.5,1114943
101,10000000,91,49,5.7,1631839
94,60000000,130,82,4.7,36037909
96,15000000,162,44,5.1,10494147
113,20000000,602,174,7.6,27277055
101,15000000,355,90,4.6,12801190
119,95000000,628,180,5.7,73209340
110,123000000,482,175,6,260031035
114,34000000,61,52,5.6,6543194
95,36000000,64,63,5.3,2954405
128,30000000,259,148,6.4,37036404
90,1000000,16,13,5.7,112521
90,80000000,237,87,5.3,39442871
98,20000000,158,81,5.3,15464026
97,28000000,167,100,4.8,16779636
124,15000000,116,68,7.2,27441122
105,65000000,69,60,5,10014234
100,1000000,32,13,3.6,428535
116,51000000,481,155,6.5,90567722
108,55000000,507,150,7,166225040
113,9000000,2067,274,8.5,25530884
129,32000000,224,98,7.2,48814909
106,600000,16,15,5.6,171988
46,7000000,13,14,7.5,18642318
109,45000000,370,140,6.2,106807667
114,90000000,949,181,5.6,60874615
123,125000000,1426,237,6.1,215397307
95,5000000,149,79,7,34099640
98,9500000,84,55,6.1,57176582
114,1500000,125,94,7.9,1221261
110,24000000,263,156,6.3,25167270
109,65000000,171,94,4.3,123307945
107,26000000,862,197,7.8,45506619
124,15000000,32,22,6.6,17113
123,40000000,660,157,7.2,33508922
112,23000000,805,214,7.1,39235088
122,6000000,148,115,7,8596914
135,65000000,265,134,6.2,32598931
85,1500000,93,51,6.3,265107
124,13500000,314,132,7.4,7060876
107,24000000,101,51,5.3,12372410
106,70000000,348,145,5.7,17473245
124,34000000,212,126,5.7,23360779
120,30000000,402,157,7.8,115648585
102,4500000,1916,234,8.4,3609278
115,24000000,275,106,6.9,32662299
94,15600000,302,103,6.5,68525609
115,25000000,365,70,6.1,55973336
78,30000000,49,41,6.1,76501438
116,40000000,734,212,5.5,89138076
81,10000000,69,29,5.7,6982680
89,4300000,346,149,7.3,6940281
92,8000000,339,196,6.9,8279017
99,46000000,301,160,5.9,70327868
110,55000000,293,146,6.6,56932305
94,18000000,192,128,6.7,17071230
104,6000000,726,151,8.3,30093107
89,13000000,91,42,4.9,60008303
109,1800000,78,39,7.3,3050934
130,65000000,326,169,6.4,90454043
91,65000000,282,100,4.8,14218868
78,150000,101,91,6.3,2882062
123,82000000,289,170,5.9,34543701
92,76000000,197,49,4.1,26000610
116,40000000,167,110,5.7,30199105
119,50000000,548,118,6.6,39778599
94,1000000,120,51,7,1744858
109,33000000,677,225,6.3,61280963
115,20000000,92,71,6.5,403932
126,20000000,370,136,7,17804273
88,23000000,47,53,5.6,13019253
78,100000000,297,141,7.3,89296573
125,60000000,322,121,6.7,75764085
90,60000000,85,57,3.6,35231365
135,10000000,181,96,7.1,3041803
105,15000000,85,49,4.6,5217498
104,60000000,139,86,6.1,69688384
84,11000000,79,58,5.1,13592872
126,60000000,267,125,6.7,30695227
95,22000000,38,38,5.7,13555988
99,25000000,162,86,4.7,14983572
115,3000000,83,53,6.6,38168022
142,110000000,1144,192,7.1,113330342
130,140000000,779,231,6.4,182618434
118,50000000,261,118,6.5,44737059
89,95000000,139,82,6.9,50802661
106,15000000,193,102,5.6,35007180
82,1000000,54,29,6,12996
77,30000000,53,89,6.3,45542421
97,33000000,181,103,5.3,28927720
119,8500000,327,117,6.7,6047856
98,24000000,318,129,6.7,57262492
112,100000000,69,61,7.3,3058380
115,24000000,138,93,6.4,882710
87,NA,3,13,4.2,58163
145,80000000,315,162,7.3,34566746
85,19000000,119,47,3.6,15911333
94,75000000,377,131,6.6,22751979
190,48000000,867,223,7.6,124107476
116,62000000,602,178,6.6,77086030
106,75000000,1344,294,7.2,94999143
97,14000000,227,108,4.1,21468807
106,225000,73,38,7,1027119
124,75000000,379,134,5.9,68473360
130,100000000,683,185,6.6,155370362
87,50000000,91,82,5.6,6291602
127,70000000,395,149,6.4,182805123
94,15000000,89,50,5.5,8735529
120,15000000,240,78,6.8,33771174
82,3000000,81,48,4.4,4142507
92,8000000,86,72,5.3,5018450
107,55000000,335,173,7.4,19389454
104,75000000,1401,290,7.4,157299717
111,1200000,231,122,7.7,9180275
120,42000000,265,151,6.1,24375436
125,42000000,399,113,5.9,15738632
135,58000000,1171,205,8.2,170708996
144,65000000,658,167,6.9,56083966
146,100000000,2153,281,7.1,78616689
165,107000000,386,174,6.8,58183966
103,50000000,26,38,6.9,206400
105,25000000,40,19,4.5,22723
104,60000000,317,133,6.3,74058698
122,77000000,1314,242,8.4,33201661
100,250000,40,9,6.7,902835
94,35000000,162,44,6,13264986
108,30000000,431,142,6.4,145096820
102,48000000,343,142,5.7,93607673
102,38000000,180,106,5.6,24044532
109,30000000,221,123,6.1,10965209
95,120000000,289,146,6.8,84037039
102,300000,12,15,7.6,16892
130,16000000,81,41,6.4,28734552
123,80000000,261,132,6.6,41523271
106,40000000,411,131,6.4,59068786
93,13000000,159,111,6.1,4919896
152,92000000,1103,200,7.7,108638745
95,50000000,164,46,4.8,33422806
124,30000000,426,147,7.6,52937130
97,26000000,571,168,6.7,71500556
119,1000000,63,12,7.2,798341
84,13000000,181,47,5.6,5002310
98,15000000,111,109,6.9,353743
115,2100000,336,76,7,510092
131,57000000,220,96,5.9,25528495
87,60000000,235,105,5.2,93375151
86,11000000,100,62,4.6,23978402
135,14000000,169,84,6.5,16929123
92,21150000,119,71,4.8,25590119
91,400000,88,86,7.7,1293295
89,53000000,190,98,5.5,45207112
133,4500000,2110,283,8.1,727883
113,50000000,248,113,6.3,54997476
88,24000000,50,45,5.3,20218
88,1200000,4,12,6.1,58936
87,30000000,122,61,5.4,64172251
87,72000000,79,91,4.6,112950721
116,72000000,346,109,4.5,32616869
131,68000000,662,187,7.6,51396781
101,33000000,232,107,5.5,51758599
106,137000000,788,166,6.4,32131830
93,28000000,167,95,6.3,5204007
100,11000000,463,161,7.3,13103828
87,15000000,619,97,4.5,14249005
122,35000000,541,208,6.8,31598308
87,22000000,180,63,5.8,11560259
111,7000000,488,122,7.4,6200756
98,28000000,460,156,4.9,8434601
104,22000000,308,66,2.1,4273372
131,19800000,651,187,7.3,41300105
106,21000000,131,85,6.3,40219708
159,125000000,1571,258,7.5,317557891
99,5500000,69,27,4.9,56007
86,14000000,104,61,5.4,10397365
123,35000000,216,116,6.2,40334024
101,31000000,268,135,6.9,24185781
95,6000000,231,108,7.8,3029081
86,10000000,44,43,6.2,226792
93,12000000,102,34,6.2,31155435
132,22000000,431,129,7.6,40270895
102,40000000,207,83,6.2,6114237
138,1700000,510,179,7.5,35918429
91,5500000,144,100,7.1,1292119
85,11000000,673,205,4.4,12610731
104,22000000,867,181,6.9,30059386
90,10000000,985,190,6.1,37470017
82,30000000,118,66,6,80920948
91,17700000,205,78,5.9,27087695
98,38000000,85,55,5.5,22770864
98,22000000,242,93,5.3,14252830
97,23000000,339,140,6.6,21973182
92,93000000,1236,198,5.9,181166115
84,40000000,98,61,5.8,4777007
123,48000000,316,125,6.4,47095453
98,25000000,254,116,6.6,36833473
97,1000000,190,110,6.7,7022940
92,15000000,135,57,6.1,11632420
120,48000000,537,140,7.4,50173190
97,700000,109,64,7.2,1141829
100,115000000,824,199,5.7,131144183
109,12000000,99,61,7,2326407
96,18000000,548,163,6.2,95001351
125,18000000,359,99,7.5,15561627
91,250000,85,71,6.9,4186931
107,6000000,34,47,6.2,54606
95,5000000,165,81,6.4,5308707
94,15500000,26,21,6.5,508867
91,12000000,69,37,5.3,17292381
99,2500000,84,54,6.5,92191
104,22000000,111,18,4.1,5974653
93,75000000,171,74,4.7,5409517
112,4000000,522,153,7.1,31252964
92,115000000,593,250,8.1,289907418
127,52500000,2319,209,7.6,57386369
147,15000000,1768,252,8,7219578
98,500000,34,25,6,295468
99,16000000,393,97,5.7,37882551
95,6000000,105,84,5.8,2025238
141,7000000,84,73,7.7,6173485
95,5000000,153,92,6.2,16017403
116,85000000,845,186,7.8,183405771
85,16000000,79,46,4.1,4356743
118,42000000,181,93,6,16252765
95,70000000,123,81,6.2,13596911
89,11000000,90,37,6.3,13903262
184,140000000,1999,191,6.1,198539855
119,100000000,1368,230,5.7,180011740
81,3000000,131,31,5.2,3293258
112,48000000,497,103,6.4,56607223
82,23000000,38,44,6.5,36696761
132,48000000,210,89,6.4,29781453
105,57000000,191,107,6.2,16991902
90,90000000,394,127,6.6,226138454
112,13000000,320,101,6.1,91038276
96,22000000,201,97,5.9,19351569
95,25000000,91,87,4.9,5516708
83,45000000,548,127,5.2,71277420
94,35000000,53,51,5.4,33357476
82,28000000,374,122,6.9,49968653
100,1500000,481,127,6.5,373967
114,40000000,426,109,5.9,70836296
90,60000000,945,212,7.9,267652016
97,23000000,167,92,6.1,27338033
84,14000000,181,64,3.9,3100650
114,92000000,361,142,7,26871
88,35000000,205,122,5.4,112692062
108,34000000,107,50,4.9,19693891
100,1200000,333,100,7.1,18488314
119,40000000,274,94,6.7,25178165
99,80000000,543,166,6.5,69772969
110,38000000,67,31,5.2,623374
84,22000000,132,75,4.8,55762229
98,1500000,159,84,7.2,406035
106,6000000,43,52,6.3,27457409
84,6000000,78,61,6.4,1028337
105,13500000,59,58,6,687081
103,26000000,178,116,6.8,7496522
106,38000000,988,187,6.7,144512310
90,5000000,131,56,5.3,6755271
106,30000000,200,95,5.8,17951431
96,1500000,21,9,5.4,703
131,60000000,281,110,6.9,18208078
171,93000000,5060,297,8.8,313837577
90,40000,118,88,7,110536
152,72000000,376,128,6.9,27796042
123,34000000,344,125,6.1,66808615
130,98000000,890,202,6.3,202007640
104,40000000,291,107,4.7,27053815
85,49000000,294,98,5.9,43905746
113,7000000,85,27,6.5,4720371
101,17000000,1109,239,7.6,96471845
124,45000000,531,150,6.8,19719930
111,37000000,301,108,6.2,108244774
110,21000000,962,220,7.6,52353636
124,68000000,445,141,6.8,71069884
111,35000000,208,119,6.8,11405825
109,18000000,213,104,6.1,13491653
93,4000000,38,27,4.6,10097096
103,35000000,229,108,5.2,60400856
91,20000000,478,149,5.5,41867960
104,4500000,115,79,7.1,3287435
95,11000000,121,75,5.3,13558739
104,90000000,89,62,4.4,6712451
122,45000000,633,109,7.7,76261036
90,6000000,31,40,6.1,22235901
96,10000000,371,120,4.7,20384136
141,68000000,1248,153,6.9,100614858
94,15300000,91,40,6.6,81525
94,45000000,84,64,5.5,32095318
81,160000000,153,100,8,10762178
106,2000000,385,173,7.7,13622333
90,28000000,523,135,6.6,45162741
108,15000000,454,202,7.7,13060843
113,8000000,1441,224,7.6,45063889
96,17000000,207,140,5.6,37939782
110,41000000,564,119,7,116724075
111,8000000,162,128,7.1,3076425
101,11000000,962,80,7.4,41227069
99,25000000,157,72,4.9,10719367
101,30000000,391,158,7.1,40566655
125,30000000,612,217,7.2,65010106
81,19000000,710,241,7.7,22245861
95,14000000,33,40,5.7,25482931
121,9000000,94,81,7.6,112935
132,103000000,55,69,7.3,274299
96,60000000,138,105,5.9,32122249
117,12500000,159,121,7.3,21078145
115,15500000,180,78,6.6,1554566
94,63000000,795,194,6.2,213079163
105,7000000,147,97,6.6,2062066
116,70000000,189,128,5.6,30157016
91,70000000,277,92,3.6,14294842
102,12000000,156,91,6.3,75074950
112,3500159,438,161,6.7,32541719
98,250000,138,51,7.2,3799339
88,15000000,99,69,5.4,47811275
74,40000000,186,87,6.5,7262288
117,54000000,559,224,6.7,81645152
110,50000000,260,146,6.4,26199517
107,2000000,120,92,7.7,768045
88,1000000,68,44,6.7,464126
104,30000000,216,69,5.6,40118420
97,20000000,132,63,4.9,8586376
120,4000000,888,215,8,21244913
109,8000000,60,37,6.5,27362712
92,1000000,366,260,7.2,1492895
141,52000000,667,194,8,164435221
91,45000000,350,167,6.5,66790248
113,45000000,1017,223,7.2,170684505
108,60000000,166,104,6.2,22433915
116,17500000,67,38,6,325491
91,500000,24,11,5.3,243347
94,26000000,94,69,5.2,36985501
108,85000000,339,135,5.5,40048332
113,29000000,276,181,7.1,33013805
115,750000,13,15,7,11562
93,12000000,578,111,3.3,37188667
95,7500000,124,82,6.8,898365
118,15000000,125,71,6.6,9059588
103,10600000,349,108,5.4,22160085
109,55000000,341,105,6.4,8355815
96,10000000,92,38,5.6,6044618
133,142000000,1185,264,6.1,160201106
97,10000000,203,137,7.4,8111360
116,27000000,199,93,6,69586544
73,1600000,32,58,7,39659
104,60000000,243,117,6.1,30063805
118,20000000,185,64,5.7,56398162
99,30000000,291,181,5.4,17266505
118,1800000,110,85,6.8,5709616
115,38000000,234,98,5.6,39177215
107,20000000,1137,146,7.5,1190018
93,40000000,82,53,4.5,4835968
96,55000000,142,66,5.3,6632383
84,400000,10,8,5.8,25918
107,13500000,378,181,7.4,15854988
101,42000000,388,104,3.3,13208023
114,35000000,232,149,6.3,6592103
123,12000000,271,128,7.4,25776062
85,20000000,66,26,5.8,32983713
101,2000000,172,108,4.7,2506446
85,30000,61,43,6.4,88078
216,100000000,1166,233,7.5,77679638
103,3500000,290,103,6.2,236266
91,35000000,474,156,5.5,30079316
98,13000000,132,58,4.6,15361537
94,15000000,614,151,4.1,30259652
174,100000000,858,232,7.4,261970615
125,60000000,196,112,6.3,19076815
76,3000000,43,33,5.9,13684949
115,42000000,175,114,6.3,41543207
97,14000000,67,12,6.3,NA
112,16000000,148,109,6.6,4839383
97,70000000,141,105,5.4,33105600
103,59000000,467,193,7.6,176387405
99,9000000,238,136,7,4681503
118,46000000,651,185,7.2,67263182
88,750000,31,31,6.6,47329
99,5400000,664,192,7.4,753501
87,5000000,327,106,6.6,64267897
116,36000000,394,129,7,71026631
82,14000000,78,38,6.6,25571351
91,15600000,40,32,4.5,13571817
138,100000000,278,136,6.7,35168677
81,10000000,518,63,6.2,16033556
111,5300000,149,88,7.3,3895664
103,40000000,128,86,5.8,14448589
99,30000000,72,39,5.1,51432423
85,80000000,367,180,7.2,145771527
105,55000000,242,114,5.1,93815117
79,24000,21,28,7,NA
113,3000000,35,24,5.4,19184015
93,500000,277,114,6.7,145540
88,140000000,606,208,6.1,190418803
102,7500000,83,9,6,4239767
145,102000000,1331,252,7.7,132014112
113,4000000,38,64,7.7,146402
112,21000000,147,111,6.7,6830957
97,6000000,111,75,6.7,267194
96,50000000,309,117,5.8,126203320
115,50000000,302,136,6.1,31874869
95,5000000,756,168,6.6,241437427
105,7500000,214,127,7.2,10460089
132,10000000,103,80,7.2,1309849
96,12000000,605,207,6.8,31597131
112,48000000,850,233,6.8,95308367
100,22000000,81,42,5.5,121972
81,13000000,629,216,7.1,46563158
99,4000000,113,41,7,562059
95,25000000,888,251,7.3,17791031
101,35000000,695,137,5.2,30307804
88,800000,135,59,7.2,2073984
90,3000000,109,75,7,5844929
124,78000000,764,210,7.2,92930005
101,60000000,569,138,6.2,43060566
100,33000000,1138,226,6.7,39532308
72,20000000,79,80,5.8,48423368
110,30000000,108,56,6.7,6200970
117,80000000,1009,226,7.7,104054514
98,70000000,289,151,3,18990542
86,84000000,521,138,4.9,153288182
104,4000000,390,163,7.1,4046737
99,29000000,101,64,5.3,16930185
105,NA,8,12,4.7,247740
106,72000000,2335,208,6.7,227965690
86,11000000,107,66,5.3,4814244
99,35000000,100,67,5.1,81150692
93,12000000,105,53,5.4,10198766
98,8000000,213,157,6.8,1641788
121,139000000,2012,291,7.3,403706375
83,80000000,216,106,7,73215310
106,2000000,199,92,6.8,410241
100,38000000,107,103,5.1,85570368
116,60000000,842,172,6.4,43119879
142,115000000,3516,284,6.7,310675583
85,25000000,92,52,5.1,13973532
91,1500000,55,31,6.5,119841
77,120000000,69,71,5.4,64736114
141,5600000,81,68,6.9,3064356
108,38000000,392,97,6.1,127214072
89,10000000,215,71,3.6,598645
85,8500000,217,86,5,28563926
95,100000000,164,66,3.8,4411102
98,10000000,147,92,5.6,30306281
119,60000000,849,249,7.9,121468960
103,200000,14,12,6.9,174682
131,35000000,544,138,7.7,54228104
88,35000000,75,43,4,16988996
90,13000000,106,61,5.4,28399192
104,12000000,122,78,7.1,1779284
109,12500000,139,83,6.9,14060950
125,35000000,215,105,6.5,18306166
93,5000000,298,107,6.5,14015786
109,25000000,103,105,6.6,3517797
94,11000000,128,70,5.4,3034181
96,7000000,25,39,6.7,196067
114,25000000,660,174,7.6,41597830
97,15000000,141,104,6.9,8378141
172,94000000,2417,294,8.7,340478898
80,16000000,307,56,3.3,40363530
119,32000000,460,166,6.5,35228696
92,13000000,159,49,5.9,28972187
150,35000000,761,193,8.5,32519322
101,30000000,199,149,7.1,12987647
127,20000000,174,92,7,75597042
110,4000000,425,143,6.7,6525762
103,18000000,180,79,7.2,676698
104,60000000,116,80,5.5,139225854
100,60000000,432,167,5.5,90341670
102,500000,53,5,6.4,1250798
112,500000,32,17,6.1,13134
124,68000000,568,176,6.4,118471320
90,43000000,403,99,5.1,24430272
96,80000000,615,124,5.9,56684819
92,21000000,460,171,6.8,25296447
98,60000000,207,81,5.3,50189179
85,25000000,33,38,5.2,39880476
89,17000000,271,81,4.8,12693621
95,825000,158,16,5.6,15278
95,140000000,217,127,7.1,38120554
90,15000000,127,69,6.7,19158074
101,60000000,269,118,6.1,93307796
86,25000000,179,81,5.8,38230435
94,20000000,88,64,6.1,12398628
124,50000000,533,152,6.7,52752475
94,6000000,258,96,6.4,21005329
124,75000000,742,141,7.1,78120196
86,12000000,90,72,6.4,333976
101,6000000,346,149,7.6,20772796
109,16000000,171,103,7.2,16346122
153,115000000,454,152,6,40911830
132,70000000,737,191,5.8,141204016
85,6000000,133,68,7.2,3810792
107,76000000,370,150,5.9,127083765
124,20000000,559,192,7.7,16248701
101,20000000,92,81,5.6,15408822
109,36000000,135,110,6.1,26183197
91,6000000,272,97,7.3,17508936
102,26000000,104,79,5,47285499
96,30000000,105,73,5.6,14208384
108,2500000,126,88,6.9,548712
101,2000000,226,180,7.5,6003587
74,55000000,332,153,6.3,104354205
108,18000000,155,128,6.4,3203044
147,130000000,511,94,6.6,138396624
98,18000000,485,195,7.1,60057639
98,50000000,286,131,6.5,26536120
127,35000000,156,54,6.5,4426297
125,70000000,816,235,8,66257002
114,20000000,53,69,6.9,2353728
105,33000000,236,121,5.5,132541238
101,81000000,604,191,6.7,242589580
104,52000000,180,127,5.5,23020488
107,120000000,554,102,4.8,100685880
76,9000000,41,32,4.8,6126237
94,40000000,288,104,5.8,138614544
93,7500000,150,133,6.3,197148
154,79000000,674,198,7.2,95632614
97,15000000,144,119,6.7,12212417
101,30000000,185,109,5.8,34604054
92,60000000,116,81,5.5,104148781
96,11000000,369,140,4.9,32131483
98,17000000,117,75,5.6,22734486
136,68000000,662,175,5.5,33685268
85,19000000,267,85,3.4,26096584
89,40000000,147,78,5.8,9652000
89,3000000,14,23,6.6,2223990
97,33000000,395,152,6.9,173381405
90,26000000,472,175,6.2,46455802
100,94000000,866,301,8.2,380838870
120,20000,49,5,6.9,NA
97,26000000,271,129,6.1,110222438
97,30000000,885,273,5.8,82163317
90,12000000,304,60,2.1,4922166
121,54000000,418,131,2.4,5660084
100,12000000,296,160,7,11634362
280,56000000,497,84,6.3,12870569
87,17000000,48,52,5.1,37566230
121,4800000,225,153,7.7,4063859
96,100000,18,8,4.7,11798
98,40000000,376,207,5.8,59588068
88,NA,38,51,6.1,NA
95,35200000,80,44,5.4,37788228
89,2200000,539,251,6.8,3645438
117,20000000,331,106,7.1,67325559
116,75000000,254,132,5.3,30013346
94,25000000,144,97,5.3,30222640
105,7000000,922,202,6,12583510
126,15000000,469,158,7.6,13005485
101,16000000,95,46,5.7,14108518
116,50000000,357,140,6.4,105807520
138,137000000,1445,267,5.7,132122995
111,1650000,40,22,5.4,2580
91,30000000,714,136,7.3,51475962
113,12000000,354,138,5.3,4717455
100,60000000,322,161,6.3,35096190
104,17000000,316,167,5.6,35143332
87,35000000,285,122,6.1,27972410
95,18000000,205,97,5.4,56127162
89,60000000,181,73,4.4,66734992
111,30000000,2105,354,8.1,70098138
117,95000000,316,157,5.5,65653758
107,850000,252,35,7.2,819939
95,45000000,297,133,4.6,89808372
91,80000000,160,101,5.7,20950820
101,4000000,1848,265,7.8,44566004
129,45000000,1004,218,7.7,59365105
90,200000,112,60,5.1,346085
86,16000000,87,37,5.1,34308901
92,5000000,67,67,6.7,6239558
80,20000000,66,28,2.8,1646664
112,7500000,95,51,5.5,533344
138,150000000,684,244,7.4,93926386
117,65000000,264,141,6.4,63695760
109,4500000,533,185,7.3,34468224
90,14000000,123,56,4.6,15549702
106,2000000,134,72,7.6,395592
138,25000000,935,229,8,90135191
103,1900000,122,60,6.4,1420578
90,NA,50,38,6.3,NA
88,24000000,404,123,7.2,74608545
102,29000000,471,178,6.4,55845943
139,22000000,494,153,7.5,58328680
79,500000,916,235,5.7,30500882
114,50000000,157,124,6.5,40905277
104,10000000,83,82,7.2,1011054
98,5000000,158,39,6.3,296665
119,60000000,347,196,6.3,53789313
80,300000,177,131,7.1,2360184
143,140000000,2113,271,8.1,305388685
109,35000000,196,74,6.9,52277485
80,25000000,35,45,5.6,39399750
117,80000000,340,144,6,116643346
90,780000,157,33,6.8,1310270
84,48000000,347,151,5.5,110000082
108,35000000,479,204,7.1,81257845
140,87000000,455,175,7.3,120147445
111,30000000,292,82,7.6,41407470
101,6800000,65,25,6.4,10696
114,50000000,192,165,6.2,60470220
99,6000000,190,129,7.2,2207975
85,60000000,91,98,6.7,26288320
128,80000000,402,145,6.7,124590960
84,38000000,188,93,4.1,111760631
118,55000000,154,123,5.8,33828318
99,3200000,5,9,6.6,2014071
102,7800000,288,160,6.8,10105505
88,218,114,72,7.2,592014
142,70000000,394,89,6.6,43426961
109,200000000,1676,280,6.4,150350192
112,6000000,166,135,7.7,3432342
79,1000000,49,29,6.1,279282
120,2000000,30,7,3.3,1098224
93,10000000,226,115,5,365734
82,109000000,456,109,3.8,100446895
101,3200000,215,157,7,8243880
135,60000000,466,149,5.4,31111260
104,6000000,36,60,6.6,181798
88,90000000,179,122,4.9,75817994
87,1000000,53,35,6.2,19539
94,55000000,321,135,6,34238611
111,60000000,497,155,7,106126012
72,20000000,58,85,5.4,47887943
154,140000000,928,190,7.7,111110575
110,78000000,786,202,5.8,66462600
130,50000000,420,141,7.5,19593740
94,17000000,172,66,5.3,42672630
192,94000000,3189,328,8.9,377019252
138,150000000,2789,275,7.2,281492479
129,150000000,2121,245,6.7,139259759
108,41000000,132,98,5.2,22108977
94,800000,30,17,7.2,62852
102,38000000,204,112,5.1,7659747
101,500000,34,3,6,1111615
96,8000000,62,52,2.7,3713002
104,85000000,255,151,6.7,47592825
109,8000000,79,66,5.6,336456
120,23000000,52,54,6.2,763044
89,500000,286,154,7.7,5739376
80,9500000,312,167,7.8,7002255
125,17000000,74,25,7.7,4068087
77,103000,5,1,5.7,NA
100,1500000,545,126,6.8,4599680
100,2000000,18,5,5.4,37227
116,80000000,457,123,5.6,19480739
106,2000000,156,121,8.1,4581222
112,300000,32,26,8,7707563
113,18000000,317,111,6.7,43601508
133,22000000,806,226,7,51483949
98,17000000,113,106,6.9,1569918
105,20000000,194,66,5.8,35990505
100,22000000,213,129,6.2,6852144
104,5000000,153,91,6.6,1056102
84,12600000,540,191,6.1,15417771
134,110000000,1055,289,7.5,214948780
98,37000000,339,119,6.1,56044241
99,75000000,456,147,6.8,120776832
95,20000000,232,69,5.9,51431160
97,6500000,135,84,6.8,1029017
133,47000000,239,186,7.7,6167817
97,58000000,147,117,6.3,28328132
110,39000000,50,76,5.3,5881504
100,26000000,44,55,4.5,23222861
206,155000000,1390,248,5.5,34293771
103,60000000,146,135,6.2,13395939
90,42000000,268,108,5.9,87856565
86,200000,32,6,7.2,NA
97,25000000,144,94,4.6,31526393
98,26000000,577,181,7.2,84136909
120,110000000,191,188,5.8,24004159
109,60000000,1283,247,5.6,80281096
106,18000000,69,50,5.7,64955956
80,2700000,492,211,8,5792822
104,18000000,112,93,7.1,7739049
118,23000000,248,113,6.7,6144806
100,20000000,361,167,6.1,5005883
122,65000000,514,185,5.9,52397389
128,17000000,64,35,6.7,2694071
120,NA,27,1,5,NA
85,10000000,26,39,5.5,11827301
122,7000000,276,119,6.2,6601079
108,40000000,259,143,5.9,40203020
91,18000000,49,54,5.2,16702864
87,100000000,660,212,3.3,40198710
94,25000000,355,127,6.5,32003620
101,23000000,129,65,6.1,12189514
99,60000000,209,105,5.2,73701902
110,4500,39,81,6.9,136007
98,27000000,903,212,7.3,33987757
119,8550000,201,66,5.6,4992159
120,65000000,836,299,7.6,100003492
89,15000000,105,74,4.6,29302097
108,20000000,117,76,6.3,8054280
115,6500000,1624,287,7.9,54557348
91,3500000,135,50,5.3,96793
110,26000000,1057,287,7.4,58885635
90,695393,207,99,7.7,6013
105,NA,182,96,7.8,1340891
102,50000000,58,100,6.6,23106
95,5000000,66,35,4.6,NA
125,20000000,226,119,6.6,13337299
84,12000000,157,141,7.2,1197786
92,20000000,392,191,6.7,114324072
178,13500000,564,192,8.3,5501940
96,35000000,244,89,6.3,22913677
99,40000000,176,76,4.8,12181484
108,20000000,1514,273,8.3,34126138
85,6500000,68,27,6.7,70527
93,25000000,316,92,6.6,17718223
125,50000000,308,167,5.1,41814863
122,6000000,1416,288,7.5,119078393
103,5000000,44,13,3.3,16066
93,26000000,91,59,4.3,48114556
109,200000,23,13,6.6,5199
101,25000000,632,226,7.8,51676606
113,45000000,222,114,6.1,21009180
99,2000000,41,24,6.4,39663
102,2500000,978,205,7.6,26781723
80,35000000,232,116,5,75367693
93,32000000,31,12,5.7,47636
102,25000000,191,130,4.8,14334645
120,1000000,2,NA,7.4,227241
88,9000000,316,150,7.1,18225165
142,130000000,1504,274,7.8,249358727
132,66000000,597,242,6.8,59035104
136,100000000,345,140,6.7,67286731
76,110000000,88,104,5.4,50026353
121,17500000,609,187,8.1,23472900
96,6000000,86,46,7,371081
107,22000000,381,183,6.7,12784713
115,120000000,789,225,7.1,144795350
111,4000000,56,73,7.3,228524
109,26000000,214,157,6.5,45489752
94,1400000,63,60,6.6,36830
90,2000000,67,58,7.4,120620
102,35000000,358,164,6.2,25266129
97,12000000,49,45,4.3,31179516
137,30000000,935,304,8,66207920
118,11000000,204,188,7.1,10214647
115,55000000,323,125,6.5,74540762
90,28000000,102,90,5.9,17848322
105,4000000,263,149,7.4,2338695
105,35000000,116,73,5.2,20422207
83,800000,11,25,7.2,NA
146,70000000,690,171,7.7,77862546
101,3000000,172,155,7.5,6517198
90,500000,154,126,7.3,603943
97,17000000,554,159,7,86049418
106,80000000,428,141,6.3,279167575
132,30000000,1106,268,8.1,100422786
101,27000000,226,127,6.4,4476235
135,28000000,289,129,7.5,64371181
104,30000000,63,63,5.5,21800302
86,12000000,18,33,4.5,17321573
90,1100,84,43,6.6,85222
86,1700000,103,124,6.8,992238
92,400000,1473,220,6.9,44540956
131,100000000,692,193,6.9,173005002
91,30000000,111,70,4.8,14018364
78,150000,64,43,5.5,191309
125,110000000,627,198,6.4,125531634
84,NA,3,NA,6.1,NA
86,NA,15,26,6.9,NA
84,20000000,138,77,5.8,15712072
80,70000,13,16,8.3,4930
77,7000,371,143,7,424760
87,1000000,22,2,5.8,NA
103,15000000,212,46,5.9,10411980
119,50000000,106,93,6,37486138
178,40000000,433,209,7.7,75305995
98,45000000,672,191,6.2,50740078
105,2600000,37,74,7.9,2276368
98,6000000,52,47,7.6,795126
92,5000000,324,121,6.9,8786715
96,2500000,84,54,7.6,1186323
103,1200000,1509,287,7.7,55153403
93,80000000,149,94,4.9,84185387
96,40000000,531,195,6.6,47781388
88,12000000,214,148,4.9,17016190
106,50000000,211,118,6.1,57887882
90,75000000,288,143,6,160762022
99,4000000,859,246,8,13464388
85,200000,13,15,7.2,381225
97,900000,5,10,6,NA
93,150000000,483,205,7.2,436471036
126,12000000,835,285,7.5,71502303
106,70000000,618,197,6.1,37760080
89,10000000,75,52,5.3,8070311
92,16000000,150,75,4.4,13922211
131,80000000,342,124,6.5,42044321
135,200000000,1303,300,7.3,373377893
101,60000000,308,173,6.1,88200225
98,2700000,56,40,7.4,95016
100,65000,404,193,7.3,11529368
88,20000000,129,32,1.9,9109322
99,27000000,139,101,5.9,8712564
74,10000000,26,33,5.8,6491350
98,30000000,700,233,7.2,32774834
137,107000000,267,106,6,22406362
170,110000000,799,267,7.5,102608827
88,50000000,93,75,4.9,6471394
97,12500000,28,17,6.3,1775619
108,75000000,806,239,7.8,176049130
120,24000000,50,16,5.1,42880
120,13000000,1100,185,7.7,23947
59,150000,4,16,7.4,NA
97,5500000,110,112,7.9,3629758
134,105000000,666,207,6.7,57637485
97,16000000,20,21,3.6,11540112
124,125000000,1159,239,6.4,186739919
110,25000000,513,126,6.8,14589444
98,10000000,911,203,5.9,110175871
106,1400000,37,78,6.7,304124
90,8800000,57,33,6.1,NA
115,92000000,815,283,8,261437578
104,35000000,400,193,6.2,39692139
93,40000000,39,42,5.7,463730
114,22000000,260,111,6.4,4829497
119,50000000,632,259,7.3,24006726
94,5000000,458,204,7.7,1082044
129,80000000,363,209,6.6,65948711
131,18000000,161,117,7.1,3752725
123,29000000,1111,177,7.9,64286
143,70000000,2047,153,7.4,51225796
100,165000000,444,188,6.6,665426
111,22000000,154,85,5.9,28165882
113,40000000,152,77,5.7,95149435
140,33000000,622,192,6.5,33682273
125,10000000,140,157,8.1,2086345
87,30000000,186,89,7,85416609
93,90000000,407,169,5.2,59475623
128,60000000,596,151,7.3,77032279
108,60000000,2003,261,6.5,114195633
98,40000000,112,74,5.5,16323969
118,7500000,33,6,6.9,3347439
95,57000000,229,76,4.2,6768055
84,40000000,207,86,4,21176322
196,175000000,1694,220,7.2,133228348
109,59660000,124,88,7.1,18947630
141,23000000,148,118,6.2,16123851
125,11000000,165,169,7.7,3753806
86,56000000,221,117,6.2,45860039
110,26000000,95,82,5.2,14469428
109,NA,486,74,5.4,10941801
109,37000000,251,62,5.4,69148997
114,30000000,298,98,7,12831121
98,31000000,173,129,6.3,16831505
95,24000000,140,84,5.6,16964743
95,19000000,152,94,5.9,58156435
94,3000000,23,17,6.9,6879730
100,1000000,48,76,6.9,396035
95,8000000,247,58,3.5,40066497
90,NA,16,45,7.5,84689
96,32000000,1125,441,7.5,31493782
107,30000000,161,112,6.6,21835784
102,52000000,301,113,4.2,1891821
93,62000000,532,178,5.5,25857987
94,20000000,521,148,2.3,5132655
91,14000000,747,125,5,16298046
108,30000000,152,107,7,8535575
95,32000000,149,75,4.6,82301521
109,20000000,220,152,6.3,19976073
128,150000000,2685,478,8.3,205343774
118,53000000,323,161,5.7,55808744
105,25000000,59,72,5.5,36310118
106,14000000,88,96,6.4,32645546
92,25000000,471,143,2.9,1550000
89,20000000,389,140,4.1,46363118
105,1500000,27,35,6.5,3123749
134,14000000,2254,357,7.7,83025853
79,4600000,6,7,5.4,NA
110,7000000,416,271,7.4,28747570
80,7000,35,35,6.3,70071
115,150000000,1361,276,6.7,206456431
94,60000000,128,77,5.4,82569532
81,150000000,251,161,5.8,135381507
90,1200000,14,10,5.8,NA
144,88000000,529,201,8,61644321
136,30000000,209,127,7.2,67253092
84,450000,54,365,7.1,379122
77,40000000,467,267,7.4,53337608
90,1000000,220,137,5.9,10042266
99,35000000,325,158,5,19294901
103,30000000,411,196,5.6,25472967
100,3000000,72,114,7.2,11694528
112,22000000,375,116,6.6,36020063
83,22000000,166,98,4.6,22264487
116,5500000,202,62,5.6,50382128
NA,70000000,4,4,5.1,129319
127,50000000,374,186,6,10137232
113,60000000,814,237,5.2,28031250
108,8000000,110,74,6.5,568695
98,32000000,108,75,6.9,32701088
100,12000000,43,38,7.3,860002
105,15000000,108,26,4.9,2598616
82,10000000,119,79,6.3,131617
100,43000000,380,196,4.8,24407944
123,57000000,495,190,6.4,26838389
108,10000000,148,47,7,11703287
95,3200000,252,130,6.4,690872
87,1500000,10,16,6.8,NA
104,30000000,208,124,6.2,42071069
98,55000000,600,231,6.2,89706988
108,1500000,26,39,6,172569
109,45000000,340,123,6.9,74484168
90,100000000,258,135,6.1,110332737
117,40000000,284,98,5,30981850
118,10000000,114,90,6.8,4280577
93,7500000,526,351,7.5,31501218
105,35000000,160,104,5.9,67962333
104,950000,651,231,7.1,1007962
157,150000000,1896,295,7.6,289994397
116,2000000,222,118,7,3335839
101,50000000,168,117,4.7,66002004
101,30000000,450,180,5.9,51097664
118,70000000,372,171,6.6,177575142
80,17500000,247,142,6.5,51053787
113,52000000,288,152,6.6,34636443
93,4800000,1516,303,5.9,47277326
108,30000000,576,228,5.3,32048809
116,8000000,206,159,7.4,22201636
98,25000000,81,67,6,24381334
90,7900000,149,85,6.9,671240
89,2000000,64,123,6.8,653621
127,500000,3,NA,5.8,NA
110,50000000,208,120,5.8,18472363
125,70000000,657,262,7.1,62647540
116,22000000,147,115,7.8,1050445
95,58000000,263,142,6.7,48291624
95,45000000,118,94,5.6,52580895
201,207000000,2618,446,7.2,218051260
194,130000000,942,239,7.2,47396698
95,15000000,20,23,4.1,4006906
103,15000000,336,223,7.6,4235837
97,15000000,662,252,6.2,20433940
92,14000,90,34,6.6,12667
91,500000,53,81,6.6,154077
122,50000000,437,168,7.6,24127895
107,25000000,194,119,7.1,11008432
105,500000,65,84,7.5,8044906
86,75000000,385,181,6.9,193136719
100,40000000,94,59,5.4,19118247
139,14200000,81,140,7.4,74205
80,8000000,331,169,7.6,77413017
119,15000000,735,278,7.7,23089926
91,2000000,243,151,7.4,3885134
145,85000000,548,229,7.3,57010853
101,4000000,151,116,6.9,864959
115,45000000,156,111,5,48472213
101,60000000,228,132,5.5,82931301
126,120000000,798,233,6.5,186336103
103,20000000,180,137,7.1,11034436
163,70000000,824,298,7.6,47379090
88,1750211,70,110,7.8,1523883
98,30000000,262,120,5.9,43894863
109,30000,23,52,6.9,NA
80,3000000,24,14,3.3,12155249
97,25000000,181,128,6.6,47124400
97,1500000,24,5,3.3,100358
126,35000000,214,155,7.3,18324242
130,50000000,138,127,6.9,1987287
68,20000000,32,45,6.4,18081626
135,28000000,1058,177,7.8,38372662
102,30000000,86,73,5.2,49186871
85,26000000,673,224,6.5,57859105
135,40000000,754,146,7,29077547
86,700000,46,49,7.1,3278611
91,75000000,269,163,6.3,128200012
112,10000000,75,55,6,17378977
105,NA,69,87,6.3,540085
124,130000000,463,163,6,68642452
95,4000000,864,250,6.6,87025093
119,40000000,1594,276,8,25335935
106,NA,268,124,6.4,10281585
147,40000000,1732,374,8.1,74098862
104,290000,8,27,7.5,32631
100,35000000,217,127,6.2,63939454
93,15500000,24,40,5.9,1181197
94,84000000,239,78,2.2,17010646
140,113000000,3286,359,7.6,380262555
121,135000000,388,145,5,31704416
80,30000000,38,41,4,3101301
128,50000000,625,358,7,50815288
92,6500000,323,239,7.6,24792061
133,26000000,546,217,7.1,109243478
93,50000000,177,66,3.5,39177541
90,19000000,518,220,6,64255243
112,1500000,68,75,6.7,712294
90,120000,7,12,6.6,NA
118,88000000,492,233,5.9,37899638
87,500000,11,2,5,NA
47,50000,99,60,7.3,NA
93,30000000,262,140,5.1,14888028
150,180000000,1463,284,6.9,291709845
108,6800000,129,74,7,49526
129,15000000,568,226,7.5,33565375
85,30000000,307,209,7.5,56068547
80,500000,52,80,6.1,423
100,3500000,1100,342,7.2,26005908
109,7000000,687,261,6.9,16901126
107,50000000,612,144,5.1,80270227
122,20000000,522,233,6.7,75072454
103,17000000,475,142,6.3,6061759
101,20000000,46,21,6.2,375474
120,26000000,106,86,7.5,15331289
97,1000000,9,3,1.9,3700
109,50000000,1053,276,6.8,51019112
136,126000000,899,257,6.9,35799026
94,29000000,263,161,7.1,6301131
129,75000000,244,137,5.9,45356386
113,82000000,316,134,6.4,158115031
144,9600000,165,52,6.7,2483955
83,33000000,76,72,5.5,8326035
96,10000000,234,191,6.8,12570442
84,3250,1,NA,7.8,NA
150,30000000,671,222,6.7,12712093
95,56000000,225,125,5.5,113006880
100,25000000,104,65,5.5,16247775
134,45000000,409,168,6.4,19377727
104,2000000,232,168,7.4,1900725
85,15000,71,51,6.6,192467
91,900000,90,65,6.4,381186
128,50000000,560,196,5.4,75888270
124,8000000,31,20,7.7,NA
90,1500000,5,14,4.3,92362
119,25000000,223,88,6.6,39008741
104,43000000,371,193,6.5,47806295
88,1500000,232,110,7.4,7362100
118,9000000,219,125,6.9,18761993
102,22000000,316,156,6.6,12469811
90,15000000,250,103,6.1,31585300
99,8000000,27,32,5.5,127144
135,16000000,78,64,6.7,1666262
100,6500000,21,4,6.6,2024854
127,25000000,251,126,7.9,5128124
107,15000000,199,172,7.5,5023275
96,4000000,91,114,6.6,1325073
103,1000000,230,169,7.4,9013113
87,32000000,340,163,6.3,43095600
94,2800000,123,122,6.8,1247453
103,9000000,63,100,5.7,1530535
95,25000000,26,31,4.1,5654777
97,9000000,45,41,4.2,1046166
103,45000000,303,177,7,24520892
132,54000000,2042,525,8.2,70496802
76,35000000,80,93,5.6,19447478
97,7000000,50,49,6.9,233103
94,3000000,236,91,6.8,16101109
153,28000000,815,291,7.9,119518352
20,1500000,70,56,6.8,47197
116,132000000,2741,401,6.5,234277056
107,25000000,128,97,6.5,871527
101,10000000,403,173,5.5,55865715
98,3500000,53,50,6.4,101228
101,87000000,213,77,4.3,26082914
101,65000000,202,136,6.1,28045540
107,8000000,34,26,6.4,53481
102,52000000,305,199,6.6,36883539
117,65000000,2073,460,7.7,210592590
117,35000000,196,147,6.9,7458269
105,10000000,280,211,6.8,20338609
100,8700000,293,232,7.1,5480996
112,8000000,172,95,7.5,18811135
93,40000000,187,66,5.1,652526
90,750000,129,233,5.6,NA
128,55000000,178,127,6.2,7221458
78,1000000,31,71,6.1,10018
107,19000000,217,153,5.5,7156725
96,1500000,504,372,7.5,23808111
104,12000000,150,66,5.3,18595716
94,86000000,64,101,6,15131330
105,20000000,92,54,6,21160089
143,25000000,908,285,7.5,34300771
93,32000000,76,58,5.7,18381890
90,51000000,155,98,5.6,72601713
116,70000000,313,159,4.2,5851188
86,2800000,53,20,6,475000
110,17500000,177,91,6.3,19179969
91,3300000,174,60,7.4,8108247
99,40000000,82,65,4.6,70163652
94,9000000,278,186,4.5,16235293
116,15000000,200,197,7,9396487
143,100000000,657,166,8,57366262
112,14000000,270,195,7,11204499
116,8000000,90,28,7,12740705
82,18000000,1198,343,7.3,128505958
145,24000000,84,31,6.1,23482607
117,120000000,584,256,7.2,244052771
144,150000000,2301,400,8,167007184
98,14000000,59,108,6.7,4291965
97,85000000,102,120,6.4,82506325
109,76000000,1206,372,7.9,35286428
97,5000000,472,174,7.4,24138847
107,70000000,685,173,6.4,137340146
97,6000000,29,36,6.2,117560
104,11000000,86,78,6.8,352786
93,12000000,444,170,7,27829874
95,5600000,36,25,2.1,7009668
78,50000000,118,87,6.6,58336565
85,20000000,613,99,2.7,48546578
93,51000000,110,71,4.9,35092918
87,21000000,180,110,4.8,480314
77,20000000,114,31,2.8,7382993
130,70000000,503,241,6.5,103338338
98,4700000,70,64,6.8,238774
120,40000000,263,118,7.3,81593527
103,12000000,151,85,5.5,28435406
104,100000000,1690,170,5.1,75030163
100,2500000,18,18,5.7,71904
111,100000,382,31,6.7,10174663
99,7000000,106,117,6.4,1654367
95,50000000,242,143,5.6,88658172
80,5000000,47,19,4.2,NA
93,8000000,98,140,6.8,298110
86,25000000,571,216,5.8,54098051
125,13000000,108,94,7.1,1172769
105,50000000,306,171,5.8,48745150
135,90000000,415,279,7.1,33574332
95,15000000,76,46,6.2,20998709
85,149000000,122,135,6.7,64459316
140,60000000,247,123,6.6,13082288
86,12000000,150,144,6.3,5542025
88,6500000,166,111,5.9,13367101
122,16800000,97,105,6.5,220914
86,60000000,74,77,5,28424210
118,30000000,145,95,7.2,42643187
90,5000000,202,61,7,6088249
125,30000000,134,85,6.9,38432823
106,700000,189,208,7.2,2694973
75,47000000,71,93,4.5,15519841
108,100000000,548,206,6.5,197992827
93,1500000,235,229,5.7,240396
98,4200000,726,57,5.2,252000000
91,15000000,66,49,5.6,8080116
80,1500000,28,32,6.2,194568
115,80000000,253,164,6.9,195329763
84,2400000,434,121,6.6,438653
121,15000000,91,81,6.2,12549485
88,1000000,12,8,4.1,721
118,13000000,102,129,7.1,1150403
129,45000000,646,230,7.6,88504640
101,3500000,24,30,6.5,220234
75,750000,24,21,7.7,NA
92,11500000,196,104,7.1,72755517
99,1000000,26,23,6.2,NA
118,15000000,115,75,6.4,399879
103,28000000,149,98,5.3,17324744
90,5000000,41,43,5.4,4328294
110,70000000,1040,284,5.6,42272747
152,6500000,29,47,8.3,23807
89,4000000,112,37,3.1,15655665
112,45000000,116,99,6.4,38360195
90,4000000,58,46,6,4613815
83,240000,1,2,6.5,NA
137,26000000,320,251,7.6,5459824
101,8000000,889,270,7.9,59889948
98,64000000,187,78,4.3,58255287
85,500000,72,68,7,449681
76,1000000,75,14,6.7,NA
110,27000000,507,202,7.8,22494487
107,6000000,137,46,5,63231524
115,20000000,236,111,6.2,37442180
123,40000000,619,260,6.4,15962471
88,30000000,142,124,7,2975649
124,150000000,871,310,6.9,133382309
91,75000000,229,190,6.6,73661010
95,30000000,203,147,5.1,22526144
92,32000000,441,163,5.7,80197993
108,110000000,444,179,6.4,250863268
92,15000000,281,220,7.4,17508670
76,300000,57,88,6.7,255352
97,1000000,13,40,7.3,144431
123,20000000,177,36,6.3,13391174
95,1400000,15,14,5.8,18435
86,11400000,6,24,6.6,13751
83,85000000,100,107,6.2,84303558
100,4600000,22,43,7.3,728
83,80000000,250,166,6.8,155019340
112,13500000,1083,406,8.2,37623143
120,13000000,123,165,7.3,4857376
120,10000000,175,44,7.3,1055654
147,50000000,482,226,7.5,2208939
99,3000000,101,37,3,7059537
151,225000000,1832,313,7.3,423032628
98,160000000,629,231,5.6,60655503
103,500000,58,88,6.2,23000
90,20000000,258,148,4.7,20259297
90,400000,48,69,7.1,1689999
105,14000000,90,112,6.7,63260
120,10000000,205,198,7.3,5484375
139,24000000,962,285,7.2,70269171
122,17000000,419,157,7.4,6855137
122,12000000,188,132,6.2,6754898
121,10000000,614,210,6.2,80150343
89,45000000,410,151,5.1,90703745
108,20000000,97,110,5.9,17803796
96,4000000,248,177,6.7,10515579
95,500000,11,48,7.3,69521
90,5000000,194,200,6.6,136432
96,2000000,78,78,6.6,198407
105,20000000,261,91,6.4,33687630
101,2000000,206,160,6.5,1984378
132,50000000,1740,267,6.6,46982632
95,15500000,352,251,6.5,7774730
109,17000000,482,186,6.7,35635046
105,33000000,1033,285,5.6,34014398
160,17000000,238,173,5.5,273420
81,1000000,37,56,6.9,6387
75,9000000,281,112,5.1,23078294
104,12000000,271,107,6.5,65269010
103,20000000,124,90,6.4,26870825
113,38000000,529,253,7.6,40137776
169,209000000,2367,434,6.1,200069408
118,30000000,127,101,6.7,34703228
122,73000000,437,164,6.6,148213377
88,50000000,70,105,5.9,28133159
104,13000000,128,113,6.3,10996440
75,33000000,209,90,5.6,57651794
121,50000000,644,240,5.6,22518325
106,52000000,483,183,5.8,118683135
97,20000000,334,120,5.3,23292105
174,125000000,1966,294,6.6,217536138
93,3300000,73,85,6.7,17311
151,90000000,2054,352,8.5,132373442
109,35000000,631,208,6.8,124732962
104,85000000,378,158,6,62494975
96,35000000,915,274,7.3,10139254
105,32000000,175,183,6.1,1304837
137,20000000,284,131,5,39143839
108,15000000,855,265,6.4,41777564
109,2000000,172,112,6.9,2706659
116,25000000,74,142,6.7,7156933
138,85000000,483,157,6.9,63224849
110,16000000,645,236,7.6,39825798
99,40000000,548,175,6.8,52320979
121,6000000,351,252,7.7,17605861
137,2000000,407,215,8.5,11284657
135,27000000,19,38,6.6,259890
92,20000000,284,78,4.7,18843314
NA,NA,3,NA,4.7,NA
122,9500000,117,167,7.6,13569248
101,30000000,203,122,6.8,37617947
81,4000000,156,125,5.9,7825820
88,5000000,56,50,5.6,648183
94,1000000,24,6,3.9,NA
93,65000000,424,147,5.6,82226474
130,40000000,1100,341,8.5,53082743
117,55000000,611,201,8,162586036
94,9800000,421,280,7.3,56437947
107,60000000,213,161,6.1,36279230
98,50000000,83,76,4.4,61112916
83,16000000,366,196,5.9,39511038
89,1500000,32,32,4.6,NA
106,200000,10,11,7.7,1111
114,9000000,81,46,7.4,3420871
127,8300000,222,169,7.5,1829142
101,1500000,192,172,7.7,327919
101,2400000,90,25,5.1,978908
94,30000000,830,158,4.4,18500966
90,26000000,56,73,5.1,16647384
102,50000000,502,206,6.8,62318875
111,15000000,828,279,7.6,31471430
100,2500000,3,3,6.6,118666
121,9400000,228,232,7.6,12899702
131,65000000,175,96,7.1,43532294
87,15000000,468,152,5,47860214
92,1000000,155,87,7.7,1677838
94,500000,43,88,7.4,3117666
129,63000000,564,242,6,70236496
88,1000000,88,117,7.4,104077
104,210000000,1912,334,6.8,234360014
110,54000000,195,136,5.6,75604320
83,35000000,113,63,4.2,11631245
78,1500000,374,252,7.5,23266821
114,25000000,580,314,6.8,71975611
100,15000000,713,274,7,28637507
122,55000000,560,295,7.8,53574088
113,32000000,527,304,6.6,39568996
108,30000000,262,158,5.9,16930884
88,120000,46,8,7,NA
108,16000000,118,190,6.7,9172810
133,45000000,524,156,7.4,24343673
102,40000000,998,211,4.7,41797066
89,5000000,8,8,5.3,15198
92,60000000,146,131,5.2,217326336
176,100000000,458,300,7.8,130127620
90,989000,4,6,4.8,13944
86,750000,73,82,6.9,5518918
103,600000,4,NA,5.6,23616
123,30000000,581,316,7.8,50921738
114,30000000,364,148,7.5,31655091
84,8600000,196,133,6.5,14373825
102,39000000,184,110,5.6,42640890
120,16500000,151,150,7.1,18663911
91,150000000,206,194,6.2,126597121
115,150000000,505,287,6.3,82161969
93,61000000,246,191,6.3,118153533
93,10000000,34,20,3.9,5561
98,15000000,190,106,5.5,3525161
101,2500000,29,80,6.7,1094998
96,17000000,522,181,7.2,82234139
99,8000000,48,41,6.4,398420
85,1200000,2,17,6.2,7826
97,12000000,124,146,7,3950294
102,75000000,289,269,7.1,66636385
80,1800000,44,61,5.6,381203
91,20000000,26,53,4.5,8104069
122,4500000,143,183,7.7,871577
89,6000000,32,52,2.9,13235267
87,9000000,199,168,7.4,8579684
111,20000000,299,166,6.8,9525276
95,2000000,332,280,5.7,952620
105,20000000,491,253,6.9,80050171
107,35000000,364,93,3.6,10956379
96,25000000,398,356,7.7,17114882
114,55000000,216,202,6.9,16264475
107,85000000,399,222,7.1,127706877
93,20000000,666,112,2.3,39737645
96,175000000,257,186,5.4,100289690
92,130000000,436,262,5.6,131920333
84,500000,12,35,6.2,52850
123,21000000,235,84,7.5,36581633
111,15000000,436,250,6.5,1294640
113,20000000,125,88,5.9,18882880
123,110000000,681,276,5.2,115802596
101,25000000,150,127,5.6,35000629
95,9000000,27,65,6.2,2955039
189,53000000,532,250,7.6,25031037
117,75000000,401,219,6.7,118823091
131,50000000,392,209,6.2,27667947
138,150000000,1108,329,7.5,292000866
111,7000000,162,44,4.8,NA
94,24000000,376,193,6.3,39687528
94,10000000,384,252,5.4,17544812
121,8000000,687,285,7.9,23618786
88,25000000,149,111,6.7,13920741
94,17000000,18,62,3.3,7070459
104,150000000,1413,323,7.2,256386216
94,11000000,55,97,5.5,12550242
135,20000000,230,231,7,4001121
97,10000000,74,81,6.5,11043445
156,60000000,368,140,3.8,4535117
100,2000000,44,107,8.1,1134049
121,23000000,224,232,7.2,6777589
148,15000000,760,274,8.2,18352454
90,2500000,46,95,6,NA
35,250000,NA,NA,6.9,NA
96,7500000,881,387,7.5,143492840
100,500000,10,9,5.7,31937
133,30000000,559,251,7,148734225
106,12000000,299,226,7.4,5949693
91,35000000,119,120,5.3,43792641
92,35000000,298,227,6.2,14998070
129,110000000,782,354,7.2,134520804
139,45000000,115,115,6.4,4584886
124,55000000,63,106,5.9,5755286
91,12000000,50,121,6.3,1506998
106,27000000,71,118,6.8,7486906
119,25000000,363,299,7.3,49024969
120,16000000,27,78,7.3,634277
90,25000000,235,151,6.3,32553210
95,40000000,291,175,6.5,50562555
95,10000000,117,192,6.7,866778
84,1500000,88,100,6.3,173066
99,8400000,102,93,5.9,25584685
122,25000000,1518,488,8.1,74273505
102,2000000,55,79,8.3,1430185
104,28000000,128,171,6.3,43097652
122,85000000,288,238,6.9,117144465
85,180000,329,232,7.9,9437933
126,30000000,243,131,7.1,53680848
84,15000,1189,409,6.3,107917283
116,10000000,27,17,7,NA
89,7300000,158,242,8,4443403
169,300000000,1238,302,7.1,309404152
96,20000000,337,184,5.9,47852604
103,4000000,19,6,6.6,126897
111,150000000,626,318,8,206435493
90,5000000,108,133,6.2,65087
124,20000000,231,154,7.5,19661987
122,27500000,197,131,6.8,9664316
84,10000000,73,89,5.9,20339754
94,45000000,348,216,6.3,50648679
112,13000000,59,104,6.8,3169424
90,2000000,6,8,4.6,NA
100,10000000,143,168,6.6,5998971
91,140000000,221,162,6.2,140080850
97,4600000,65,121,5.9,434417
96,10000000,319,190,5.9,63270259
98,20000000,118,29,6.7,7651640
124,61000000,338,198,7.2,46975183
92,250000,32,85,7.3,45661
93,160000000,326,227,6.1,320706665
123,9000000,429,263,8,24530513
102,2000000,15,27,5.3,NA
107,1500000,57,88,6.9,402820
156,258000000,1902,392,6.2,336530303
100,13500000,102,56,5.8,29066483
127,70000000,492,228,7.7,38345403
109,14000000,162,86,5.2,61356221
113,1800000,103,53,5.3,NA
107,26000000,801,308,7.3,3675072
119,20000000,555,256,7.6,121463226
85,100000000,112,154,6.8,58867694
108,16500000,50,72,6.3,11702090
53,1000000,40,84,7.7,274661
94,2000000,161,221,5.4,347578
160,30000000,415,273,7.5,3904982
115,110000000,820,329,8.1,227137090
93,10000000,46,51,5.3,900926
97,45000000,310,207,7.4,93452056
118,30000000,23,46,7.1,NA
97,22000000,31,30,5.9,413454
112,13000000,175,259,8,5990075
110,22000000,83,112,6.2,90636983
113,180000000,666,251,6.1,70083519
93,15000000,39,50,5.9,20380
126,15000000,118,112,7.6,30226144
88,850000,23,73,7.3,442638
89,15000000,211,161,5.1,20801344
101,25000000,90,94,6.9,876671
99,80000000,273,232,5.9,15071514
110,70000000,289,234,7.1,47456450
102,35000000,174,90,5.4,5932060
117,2200000,29,18,5.9,379643
78,30000,9,3,4.1,243768
90,8000000,78,78,6.4,303439
91,500000,10,28,6.5,12055
87,200000,638,66,8,NA
126,18000000,1066,330,7.2,25592632
98,32000000,383,224,6.4,35063732
105,3400000,308,300,7.5,7159147
99,40000000,178,190,5.7,25117498
114,9000000,127,201,7.2,6610326
87,75000000,763,299,7.4,183132370
96,5250000,117,65,5,766487
7,13000,NA,NA,5.2,NA
158,25000000,1107,398,8.1,40218903
118,16000000,88,146,7.2,2849142
117,13000000,32,37,6.1,49121934
100,2600000,47,66,5.3,680299
66,2600000,124,173,7.2,38108
83,10000,1,12,6.7,NA
87,34000000,211,191,6.3,54132596
120,12000000,75,69,7.5,214202
144,150000000,1782,396,7.1,318759914
85,15000000,31,68,8.4,10353690
106,1700000,58,75,7.4,12589108
97,38000000,28,21,4.8,5473041
108,2000000,204,173,7.1,19067631
120,35000000,200,171,6.7,18317151
103,25000000,166,119,6.3,22466994
117,21000000,199,222,6.9,28563179
92,8000000,34,90,6.9,1071240
99,10000000,82,62,5.7,8243567
93,7000000,46,25,2,5694308
113,15000000,100,41,5.6,55184721
100,60000000,255,177,5.9,168213584
93,4000000,76,121,6.5,2426851
162,65000000,589,377,7.7,33048353
123,35000000,278,144,6.8,81159365
111,30000000,154,175,6.1,76806312
106,10000000,31,75,6.3,82349
83,12000000,205,45,4.3,7001720
115,20000000,202,190,6.8,20207003
116,78000000,36,33,5.1,"131,856,927"
165,130000000,450,245,6.6,49551662
99,30000000,97,145,6,60269340
101,70000000,214,164,5.6,22531698
84,200000,40,93,6,140016
99,40000000,154,125,5.4,15279680
141,15000000,32,25,6,7005528
102,20000000,235,248,6.4,11169531
99,80000000,116,144,6.1,109993847
91,20000000,99,100,3.7,94497271
121,25000000,300,229,6.6,3073392
128,70000000,263,238,7.1,39380442
96,150000000,178,225,6.9,114053579
110,5000000,89,109,6.8,4040588
92,230000,145,225,7.1,104792
96,37000000,545,341,7,60338891
109,12000000,90,81,7,8134217
86,200000,2,7,7.5,215185
141,55000000,387,264,7.8,35707327
90,1000000,NA,NA,6.1,1036
92,3000000,72,159,6.5,2926565
90,55000000,102,118,6.5,7871693
85,25000000,2192,459,7,80034302
94,6500000,78,42,4.6,4693919
111,45000000,211,230,6.4,36064910
112,7000000,168,160,7.2,31973840
94,40000000,26,41,4.4,511920
88,25000000,359,111,1.9,14174654
42,6000000,5,9,6.5,7518876
99,900000,74,114,5.2,18378
113,30000000,396,254,6,10955425
104,20000000,321,293,7.5,33422556
80,11000000,39,41,6.6,12389088
102,40000000,101,146,5.7,32853640
118,80000000,318,215,6.6,101111837
97,14000000,79,135,6.7,2656324
91,2000000,357,161,6.8,5824
76,1200000,35,14,3.8,NA
117,6000000,38,76,6.9,812872
122,500000,215,50,6.5,33451479
119,20000000,45,99,7,4234040
94,1000000,183,120,7.9,4417124
112,70000000,138,176,5.6,70224196
118,30000000,325,253,7.2,62877175
88,80000000,124,141,5.6,120136047
94,10000000,4,16,4.2,140987
122,35000000,241,302,7.7,18593156
97,1000000,93,181,7.2,2508841
112,2500000,34,14,7.6,173783
119,2000000,23,30,7.8,4958
110,80000000,380,265,6.5,130313314
102,20000000,147,210,6.7,13214030
86,200000,51,38,6.5,15542
92,15000000,42,67,6.2,23091
116,33000000,871,366,8.2,148085755
92,9000000,76,129,6.4,4881867
102,150000000,590,318,6.4,227946274
102,12000000,165,153,6.6,38087366
95,850000,1,5,7.4,NA
120,85000000,342,345,7,75754670
112,11000000,171,128,4.5,90556401
110,27000000,98,135,6.5,2775593
90,2200000,9,11,4.3,NA
107,15000000,513,300,8,7757130
122,185000000,2054,470,6.2,317011114
106,60000000,110,161,6.1,17281832
126,140000000,1055,486,7.9,318298180
93,45000000,212,201,5.8,101702060
88,85000000,488,238,6.1,80170146
101,10000000,24,73,6.7,17655201
92,130000000,360,266,7.6,215395021
89,1400000,85,95,6.1,8128
110,22000000,135,165,6.1,39263506
114,58000000,120,186,6,31199215
90,5000000,15,27,7.3,124720
104,22000000,54,98,5.8,20668843
89,150000000,119,167,6.7,179982968
101,40000000,101,128,5.8,46012734
108,52000000,611,238,6.3,143704210
90,1000000,134,194,7.8,2957978
115,60000000,320,180,7.1,143151473
103,35000000,398,228,5.4,40687294
107,25000000,69,160,6.8,1186957
90,60000000,109,127,4.9,11802056
86,30000000,409,111,2.7,38232624
128,20000000,281,324,7.6,31838002
160,45000000,182,158,6,7916887
112,35000000,232,208,6.2,30691439
112,40000000,100,80,5.9,19151864
110,20000000,184,140,6.6,24848292
90,9000000,129,166,6.7,31487293
96,37000000,110,139,6,48006503
88,2000000,31,21,4.9,99499
87,27000000,189,141,3.9,26876529
95,10000000,53,100,5.2,7563670
114,20000000,102,25,6.5,4452423
95,8000000,107,79,6,108662
117,27000000,374,232,7,87341380
95,1500000,142,178,6.7,3478
130,30000000,132,154,6.7,15709385
89,20000000,260,146,3.9,43818159
103,35000000,280,151,6,7948159
106,200000000,1243,403,6.7,168368427
89,12000000,369,198,6,31691811
113,12000000,281,232,6.7,12796277
99,7000000,119,158,6.8,2344847
101,2500000,345,197,7.7,12995673
150,8500000,259,147,6.7,140244
119,35000000,414,323,7.3,22877808
101,60000000,248,198,6,40076438
114,18000000,192,209,7.3,5694401
101,28000000,170,173,6.9,67266300
95,10800000,262,160,5.8,56729973
99,55000000,119,164,5.8,33472850
123,55000000,599,202,7.7,69951824
129,19000000,103,102,6.5,8396942
122,1000000,67,129,7.2,5355376
90,8000000,148,135,5.2,25926543
90,2500000,40,47,5.9,75727
120,15000000,1017,418,8,141319195
100,40000000,25,88,6.5,12081447
81,37000000,45,85,4.5,30105968
135,120000000,414,284,6.1,43929341
118,5000000,22,121,7.5,228830
97,7000000,42,18,7.4,32082654
106,65000000,277,173,6.9,100468793
98,23000000,108,97,6.2,58006147
112,25000000,99,143,6.5,10911750
87,20000000,120,58,5.3,6563357
109,20000000,189,190,6.8,26415649
93,NA,18,5,2.5,NA
91,8000000,134,195,6.9,12055108
82,35000000,173,121,4.5,25871834
85,6000000,37,26,4.7,36497
120,21000000,79,131,6.1,16284360
124,21000000,274,245,7.5,3081925
93,25000000,974,309,7.9,145000989
184,20000000,110,160,7.4,476270
111,20000000,189,222,7.3,30028592
98,3500000,11,15,6.1,NA
94,12500000,398,185,7.8,9030581
114,20000000,105,182,6.9,3519627
125,40000000,33,67,7.1,1027749
150,225000000,438,258,6.6,141614023
128,2500000,86,212,7.5,3766595
92,2500000,82,80,6.2,1626080
166,150000000,822,362,7.8,127490802
152,185000000,4667,645,9,533316061
104,80000000,698,276,5.5,79363785
110,13500000,140,194,6.9,13823741
130,40000000,45,86,7.3,9589875
92,12000000,156,172,5.4,31397498
104,55000000,279,206,6.6,25040293
91,48000000,1264,323,5,64505912
82,5000000,113,74,3.8,13350177
97,25000000,126,129,5.5,48237389
131,15000000,876,388,7.6,15700000
135,150000000,643,354,6.8,134518390
98,18000000,93,97,5.1,382174
94,23000000,19,47,5.1,11508423
87,62000000,250,150,3.8,32178777
115,15000000,36,57,7,183088
103,15000000,209,177,6.1,73548
112,145000000,501,264,5.2,102176165
115,35000000,252,169,6.7,26814957
106,14000000,26,22,6.2,115504
104,10000000,94,71,6.1,3607
85,15000000,22,37,5.7,12701880
93,1000000,24,12,6.5,NA
124,32000000,370,299,7.6,34180954
102,15000000,104,132,6.2,6409206
93,8000000,351,233,5.9,17427926
110,11000000,56,109,7.3,37766350
119,27000000,33,73,6.2,44087387
107,90000000,125,198,6.6,71148699
103,60000000,290,223,4.8,19781879
93,60000000,106,118,6.1,50818750
99,6000000,75,147,7,2077046
107,5000000,96,93,7.6,32350637
114,16500000,125,124,4.9,26896744
109,6000000,547,391,7.9,26236603
108,30000000,492,270,5.9,20981633
102,15500000,36,60,6.8,317040
94,NA,52,33,4.8,NA
111,15000000,162,150,6.7,2203641
121,92000000,577,308,7,110416702
90,2000000,22,46,6.7,52166
122,37000000,1535,350,5.2,191449475
110,12000000,98,190,7.1,3148482
101,35000000,245,195,6.2,28687835
121,75000000,440,269,7.1,83077470
90,40000000,422,235,6.6,72266306
96,15500000,365,275,7.2,23213577
129,25100000,320,242,6.4,25517500
98,180000000,1043,421,8.4,223806889
110,75000000,713,316,6.7,134568845
107,10000000,112,79,5.7,578527
114,35000000,39,76,5.3,42168445
106,11000000,49,78,7.1,245144417
80,200000,112,189,7.1,856942
101,35000000,151,148,6.1,80276912
104,25000000,111,137,5.7,1089365
97,7500000,20,35,3.1,4131640
104,70000000,243,190,6.8,97680195
89,2500000,10,25,5.4,NA
113,90000000,380,198,5.5,100018837
101,24000000,243,247,6.6,31452765
85,5600000,148,222,6.6,27024
108,22000000,113,113,5.6,12232937
89,1000000,6,3,6.3,NA
102,20000000,185,191,6.4,64149837
96,3500000,12,4,4.8,NA
158,200000000,1055,367,5.8,166112167
95,7500000,494,331,7.7,32391374
79,30000000,245,263,7.1,31743332
96,200000000,249,240,6.8,137850096
108,14000000,215,160,6.5,15483540
106,7000000,324,341,7,9190525
101,6000000,19,37,7.2,NA
99,7000000,247,281,7.6,9166863
99,3200000,70,122,7.2,2277396
107,9800000,220,248,6.8,16025394
104,4500000,137,138,5.9,108229
141,70000000,172,180,7.2,617840
86,45000000,55,82,5.4,25200412
99,15000000,143,128,4.8,33860010
88,75000000,98,107,4.5,219613391
100,4500000,237,278,7.3,12574715
146,150000000,435,298,6.7,133375846
88,27000000,110,107,5.7,15988876
178,237000000,3054,723,7.9,760505847
98,17000000,115,217,7.1,9430988
122,20000000,212,280,6.7,1697956
111,20000000,39,79,6.4,5205343
88,NA,10,8,4,NA
NA,23000000,NA,NA,7.2,NA
95,750000,30,8,3.1,NA
88,6500000,31,33,6.3,110029
88,15000,8,22,6.2,76382
89,30000000,129,152,5.4,58715510
119,8500000,110,222,7,4440055
132,17000000,138,197,6.7,27154426
105,26000000,201,217,7.1,28501651
105,26000000,201,217,7.1,28501651
81,42000000,396,288,5.8,59992760
105,20000000,188,222,7.4,14359793
112,4500000,62,64,6.2,NA
84,NA,119,130,6,90820
109,27000000,174,167,6.2,13248477
88,5000000,48,63,4.1,143000
100,23000000,43,155,6.2,2708188
94,3000000,14,11,6.2,NA
96,11000000,166,226,6.3,3074838
109,40000000,157,157,5.9,13838130
104,6000000,101,149,7.4,6670712
90,100000000,156,191,7,124870275
111,19430000,65,165,6.7,6109075
100,60000000,279,310,7.7,75280058
113,60000000,144,166,5.5,109176215
96,20000000,223,150,6.2,13630226
112,7000000,226,273,7.3,39462438
93,NA,6,16,6.9,NA
88,25000000,50,83,3.5,25615792
98,20000000,281,292,6.5,29975979
87,5000000,80,19,6.1,NA
95,3500000,90,78,6.8,37606
103,58000000,121,133,4.7,29580087
112,30000000,1262,472,8,115646235
87,6000000,17,39,5.9,13722
92,NA,6,1,7.3,41914
93,"30,000",22,53,6.5,9609
99,30000000,691,397,6.6,42057340
100,45000000,524,130,2.7,9353573
125,60000000,184,211,6.2,40559930
161,13000000,192,216,7.3,336467
99,21000000,117,160,7.2,8855646
101,600000,120,77,6.9,394717
92,8000000,106,192,6.2,10814185
123,18000000,82,134,5,22452209
87,40000000,245,335,7.8,20999103
123,3000000,112,248,7.3,373060
90,5000000,2,NA,4.5,NA
103,1300000,38,24,5.2,NA
90,1000000,28,6,2.8,NA
153,75000000,301,230,6.4,51814190
118,175000000,534,250,5.8,150167630
95,50000000,245,180,5.8,20488579
89,10000000,54,106,6.1,113155
100,7500000,97,160,7.1,9176553
88,150000000,90,145,5.1,119420252
93,16000000,304,84,8.1,47707417
119,15000000,491,220,4.9,33386128
102,30000000,140,131,4.2,79566871
97,7300000,224,224,7.2,1818681
153,250000000,973,375,7.5,301956980
129,40000000,203,161,6.4,93952276
100,35000000,57,107,5.4,73023275
113,13000000,59,36,4.1,51697449
114,18000000,20,59,5.5,4748432
105,7000000,72,52,5.3,1425993
102,13000000,162,242,6.6,2035566
102,18000000,80,107,5.3,14793904
105,40000000,215,215,7.1,71347010
94,90000000,132,188,7,196573705
107,55000000,39,93,5.6,16088610
153,75000000,1527,486,8.3,120523073
107,250000,215,66,7,NA
134,60000000,259,306,7.4,37479778
120,85000000,214,187,6.6,112703470
107,16000000,294,300,5.1,16204793
123,40000000,277,252,7,94125426
121,50000000,791,279,6.2,79948113
102,100000000,224,167,5.4,49392095
118,50000000,429,216,7.4,73343413
98,4500000,37,159,6.5,278821
91,22700000,17,56,7.2,62794894
109,18000000,77,111,5.6,22927390
103,17500000,45,44,4.1,90485233
117,25000000,53,83,7.4,4806750
105,27000000,71,213,7.2,1260917
90,6000000,73,76,5.1,4542775
94,175000000,187,219,6.5,198332128
97,5000000,485,415,7.9,5009677
125,4825000,65,161,7.2,1110286
90,5000000,23,43,4.7,92900
101,15000000,268,264,5.5,51527787
83,NA,15,51,6.9,246574
98,17000000,75,112,5.9,8662318
109,30000000,184,148,7.4,49185998
97,8000000,78,121,5.6,16699684
84,3000000,20,49,5.9,10017041
105,150000000,209,185,5.9,177243721
118,80000000,232,205,5.8,19673424
99,40000000,194,235,6.4,38105077
99,8000000,21,45,6.1,10572742
98,1900000,75,205,7.2,1445366
86,18000000,248,190,5.8,23993605
104,40000000,42,113,7.8,19406406
88,35000000,120,124,5.4,49474048
111,12000000,57,123,6.8,548934
123,20000000,383,265,7,41573740
108,33000000,310,219,6.8,10326062
91,26000000,201,167,5.2,20819129
88,6600000,31,54,6.4,828
135,NA,209,195,7.4,7994115
91,70000000,72,156,6.1,42194060
88,15000000,53,97,5.3,6373693
109,10000000,275,323,7.3,47536959
97,9000000,14,26,6.2,883887
140,100000000,585,357,7,97030725
98,65000000,110,166,5.7,67128202
80,120000000,129,58,6.3,NA
102,9000000,44,91,7.1,151644
90,350000,18,8,3.2,50090
85,3800000,11,45,5.8,100669
92,11000000,194,156,6,27669413
128,90000000,621,415,7.6,209019489
89,40000000,37,103,4.9,20916309
90,15000000,60,116,6.4,4360548
101,16000000,126,167,5.1,11956207
99,4000000,26,115,7.3,274385
104,26000000,354,368,5.8,16999046
90,365000,66,45,3.6,1553556
127,150000000,1559,518,8,257704099
103,400000,8,21,7.4,NA
127,60000000,235,252,7.1,36965395
138,1000000,1,NA,3.4,NA
96,18000000,179,103,3.7,8742261
89,80000000,252,258,6.3,38542418
90,4000000,159,274,5,101055
120,30000000,71,210,6.7,7443007
96,3000000,14,21,5.9,5005
118,200000000,974,422,6.6,125320003
129,29000000,420,261,7.7,255950375
138,8000000,188,91,6.3,10269307
115,16000000,376,287,5.6,15045676
117,8300000,25,55,6.4,1448788
100,11500000,27,35,6,32572
98,10000000,75,145,7.6,449558
90,3000000,1,NA,6.2,NA
90,10000000,60,32,3.8,220925
86,68000000,31,90,6.2,128937
79,40000,10,61,6.3,24705
82,40000000,290,221,5.2,66466372
98,10000000,330,183,5.9,25464480
105,45000000,14,66,6,2874
90,8000000,20,22,5.9,100503
99,3800000,14,61,6.9,19959
89,10000000,59,83,5.8,15102127
96,6000000,50,63,6.7,115862
108,35000000,626,334,7.8,277313371
92,12000000,69,147,5.7,NA
93,160000,9,29,7.4,155984
95,900000,193,238,6.4,100659
123,40000000,210,292,6.8,7689458
108,21000000,175,248,6.5,33313582
118,50000000,190,245,6.5,25450527
100,18500000,287,192,6.4,18439082
85,10000000,10,4,5.2,9069
96,5000000,88,144,6.5,1474508
114,15000000,279,241,6.6,32721635
112,13000000,82,184,7,6615578
84,4000000,104,182,6.7,NA
135,65000000,593,308,6.7,43982842
94,25000000,268,271,6.2,32416109
105,6500000,92,217,7.2,66637
99,7000000,12,34,6.5,1889522
95,1500000,23,66,6.2,17580
91,10000000,11,23,5.5,19348
118,12500000,33,41,7,1089445
97,105000000,214,228,7.1,104374107
108,40000000,273,224,6.7,163947053
111,25000000,504,355,7.3,56692
129,2000000,231,262,8.2,20167424
75,6500000,71,118,7.7,686383
117,60000000,143,210,6.7,31670931
101,20000000,119,121,5.6,29062561
106,100000000,285,267,6.4,65452312
107,39000000,234,214,7.1,63411478
80,25000000,24,4,2.9,7687222
130,50000000,919,299,4.6,296623634
96,38000000,169,174,6.5,88915214
89,16000000,230,178,4.8,42638165
144,12000000,193,292,7.8,2222647
100,35000000,100,188,7.3,10991381
111,60000000,223,136,7.3,71844424
120,1000000,55,20,7.1,3773863
150,200000000,1439,366,6,402076689
99,12000000,293,156,6.9,1594955
92,35000000,169,164,6.6,45802315
108,25000000,452,391,7.4,83813460
96,175000000,704,408,8.3,292979556
88,2000000,91,107,5.2,NA
103,9000000,42,19,6.5,1709178
215,130000000,1229,451,7.7,107503316
92,15000000,169,218,7.2,5306447
101,100000000,388,333,6.8,77222184
111,15000000,118,230,6.9,13034417
101,35000000,142,166,5.5,10268846
104,13000000,31,129,6.3,403649
99,10000000,129,129,6.9,221210
119,150000000,641,350,6.7,179883016
100,60000000,203,170,4.9,43337279
90,18000000,105,192,6.5,15281286
89,500000,39,64,5.1,NA
88,23600000,553,445,7.7,75590286
